{
    "name": "China",
    "topLevelDomain": [
        ".cn"
    ],
    "alpha2Code": "CN",
    "alpha3Code": "CHN",
    "callingCodes": [
        "86"
    ],
    "capital": "Beijing",
    "altSpellings": [
        "CN",
        "Zhōngguó",
        "Zhongguo",
        "Zhonghua",
        "People's Republic of China",
        "中华人民共和国",
        "Zhōnghuá Rénmín Gònghéguó"
    ],
    "subregion": "Eastern Asia",
    "region": "Asia",
    "population": 1402112000,
    "latlng": [
        35,
        105
    ],
    "demonym": "Chinese",
    "area": 9640011,
    "gini": 38.5,
    "timezones": [
        "UTC+08:00"
    ],
    "borders": [
        "AFG",
        "BTN",
        "MMR",
        "HKG",
        "IND",
        "KAZ",
        "PRK",
        "KGZ",
        "LAO",
        "MAC",
        "MNG",
        "PAK",
        "RUS",
        "TJK",
        "VNM",
        "NPL"
    ],
    "nativeName": "中国",
    "numericCode": "156",
    "flags": {
        "svg": "https://flagcdn.com/cn.svg",
        "png": "https://flagcdn.com/w320/cn.png"
    },
    "currencies": [
        {
            "code": "CNY",
            "name": "Chinese yuan",
            "symbol": "¥"
        }
    ],
    "languages": [
        {
            "iso639_1": "zh",
            "iso639_2": "zho",
            "name": "Chinese",
            "nativeName": "中文 (Zhōngwén)"
        }
    ],
    "translations": {
        "br": "Sina",
        "pt": "China",
        "nl": "China",
        "hr": "Kina",
        "fa": "چین",
        "de": "China",
        "es": "China",
        "fr": "Chine",
        "ja": "中国",
        "it": "Cina",
        "hu": "Kína"
    },
    "flag": "https://flagcdn.com/cn.svg",
    "cioc": "CHN",
    "independent": true
}