id,creationDate,lastUpdateDate,createdBy,lastUpdatedBy,location
1,2023-12-04T14:32:19.812,2023-12-04T14:32:19.812,gabrielfigueiredo19@edu.unifor.br,gabrielfigueiredo19@edu.unifor.br,Floor 1
2,2023-12-04T14:32:19.813,2023-12-04T14:32:19.813,gabrielfigueiredo19@edu.unifor.br,gabrielfigueiredo19@edu.unifor.br,Floor 2
3,2023-12-04T14:32:19.813,2023-12-04T14:32:19.813,gabrielfigueiredo19@edu.unifor.br,gabrielfigueiredo19@edu.unifor.br,Floor 3
4,2023-12-04T14:32:19.813,2023-12-04T14:32:19.813,gabrielfigueiredo19@edu.unifor.br,gabrielfigueiredo19@edu.unifor.br,Floor 4
