{
    "fields": [
        {
            "type": "number",
            "name": "id",
            "internal": false,
            "key": true,
            "oid": "7506a081-f02c-4f52-b0de-a48b454b0d7a",
            "required": true,
            "unique": true,
            "displayLabel": "Id"
        },
        {
            "type": "datetime",
            "name": "creationDate",
            "internal": false,
            "oid": "19c38a7c-cf68-4b61-8888-c2592a60a02d",
            "displayLabel": "Created",
            "historyType": "timeCreated"
        },
        {
            "type": "datetime",
            "name": "lastUpdateDate",
            "internal": false,
            "oid": "11c956fd-e800-48a4-8b34-e05f976f4eb0",
            "displayLabel": "Last Updated",
            "historyType": "timeUpdated"
        },
        {
            "type": "string",
            "name": "createdBy",
            "internal": false,
            "oid": "622f4010-1d79-412e-8e3c-8f794f1530ff",
            "displayLabel": "Created By",
            "historyType": "createdBy"
        },
        {
            "type": "string",
            "name": "lastUpdatedBy",
            "internal": false,
            "oid": "7249e83f-b47d-471a-b7f8-cd3e59d32989",
            "displayLabel": "Last Updated By",
            "historyType": "updatedBy"
        },
        {
            "type": "number",
            "name": "versionNumber",
            "internal": false,
            "oid": "193f323b-eb29-4447-945e-e43615d03f7a",
            "displayLabel": "Version Number",
            "historyType": "versionNumber"
        },
        {
            "type": "string",
            "name": "location",
            "oid": "06901dd7-afc8-4409-971d-b2321511e8b1",
            "required": true,
            "displayLabel": "Location"
        }
    ],
    "name": "Location",
    "oid": "e1dec449-cab0-479f-8d3c-b091322c8917",
    "displayLabel": "Location",
    "relationships": [
        {
            "displayField": "location",
            "exposeAccessor": true,
            "mappingField": "id",
            "name": "departmentCollection",
            "reverseRelationship": "locationObject",
            "targetEntity": "Department",
            "type": "incoming"
        }
    ]
}