id,creationDate,lastUpdateDate,createdBy,lastUpdatedBy,department,location
10,2023-12-04T18:53:08.045,2023-12-04T18:53:08.045,gabrielfigueiredo19@edu.unifor.br,gabrielfigueiredo19@edu.unifor.br,Administration,2
20,2023-12-04T18:53:08.046,2023-12-04T18:53:08.046,gabrielfigueiredo19@edu.unifor.br,gabrielfigueiredo19@edu.unifor.br,Marketing,3
30,2023-12-04T18:53:08.046,2023-12-04T18:53:08.046,gabrielfigueiredo19@edu.unifor.br,gabrielfigueiredo19@edu.unifor.br,Purchasing,1
40,2023-12-04T18:53:08.046,2023-12-04T18:53:08.046,gabrielfigueiredo19@edu.unifor.br,gabrielfigueiredo19@edu.unifor.br,Human Resources,2
50,2023-12-04T18:53:08.046,2023-12-04T18:53:08.046,gabrielfigueiredo19@edu.unifor.br,gabrielfigueiredo19@edu.unifor.br,IT,2
60,2023-12-04T18:53:08.047,2023-12-04T18:53:08.047,gabrielfigueiredo19@edu.unifor.br,gabrielfigueiredo19@edu.unifor.br,Sales,4
70,2023-12-04T18:53:08.047,2023-12-04T18:53:08.047,gabrielfigueiredo19@edu.unifor.br,gabrielfigueiredo19@edu.unifor.br,Benefits,2
80,2023-12-04T18:53:08.047,2023-12-04T18:53:08.047,gabrielfigueiredo19@edu.unifor.br,gabrielfigueiredo19@edu.unifor.br,Payroll,2
90,2023-12-04T18:53:08.047,2023-12-04T18:53:08.047,gabrielfigueiredo19@edu.unifor.br,gabrielfigueiredo19@edu.unifor.br,Executive,4
100,2023-12-04T18:53:08.047,2023-12-04T18:53:08.047,gabrielfigueiredo19@edu.unifor.br,gabrielfigueiredo19@edu.unifor.br,Finance,1
