{
    "displayLabel": "Department",
    "fields": [
        {
            "displayLabel": "Id",
            "key": true,
            "name": "id",
            "oid": "bbff25f2-b8df-47e3-ab6d-90f9ae7f8ebc",
            "required": true,
            "type": "number",
            "unique": true
        },
        {
            "displayLabel": "Created",
            "historyType": "timeCreated",
            "name": "creationDate",
            "oid": "e5302cc2-d86d-4cc4-977f-ede6a392ced5",
            "type": "datetime"
        },
        {
            "displayLabel": "Last Updated",
            "historyType": "timeUpdated",
            "name": "lastUpdateDate",
            "oid": "beb42d5d-d132-4b91-9e16-b5a2d9ffd8c4",
            "type": "datetime"
        },
        {
            "displayLabel": "Created By",
            "historyType": "createdBy",
            "name": "createdBy",
            "oid": "d367e119-9671-4e6c-a818-72dd8923651c",
            "type": "string"
        },
        {
            "displayLabel": "Last Updated By",
            "historyType": "updatedBy",
            "name": "lastUpdatedBy",
            "oid": "6b22837f-d247-4cfc-9861-122e38560e21",
            "type": "string"
        },
        {
            "displayLabel": "Version Number",
            "historyType": "versionNumber",
            "name": "versionNumber",
            "oid": "4499e787-56f8-4bab-94b0-a249edf40785",
            "type": "number"
        },
        {
            "displayLabel": "Department",
            "name": "department",
            "oid": "8f9dd3e1-2af2-4383-9327-ea78d2dfae46",
            "required": true,
            "type": "string"
        },
        {
            "displayLabel": "Location",
            "name": "location",
            "oid": "806b0582-4223-42ca-b4f0-bb9a37183ddd",
            "type": "number"
        }
    ],
    "hidden": false,
    "name": "Department",
    "oid": "fb97cb40-577c-4025-8f4f-51cdee695e76",
    "relationships": [
        {
            "displayField": "department",
            "name": "employeeCollection",
            "reverseRelationship": "departmentObject",
            "targetEntity": "Employee",
            "type": "incoming"
        },
        {
            "deleteRule": "restrict",
            "exposeAccessor": true,
            "mappingField": "location",
            "name": "locationObject",
            "reverseRelationship": "departmentCollection",
            "targetEntity": "Location",
            "type": "outgoing"
        }
    ]
}