{
  "title": "main",
  "description": "",
  "variables": {
    "departmentListSDP": {
      "type": "vb/ServiceDataProvider",
      "defaultValue": {
        "endpoint": "businessObjects/getall_Department",
        "keyAttributes": "id",
        "itemsPath": "items",
        "responseType": "getallDepartmentResponse"
      }
    },
    "oj_table_1410790259_1SelectedId": {
      "type": "string",
      "defaultValue": ""
    }
  },
  "metadata": {},
  "types": {
    "@decorators.getallDepartmentResponse": {
      "endpoint": "getall_Department",
      "service": "businessObjects",
      "path": "response"
    },
    "getallDepartmentResponse": {
      "items": [
        {
          "department": "string",
          "id": "number",
          "locationObject": {
            "items": [
              {
                "location": "string"
              }
            ]
          }
        }
      ]
    }
  },
  "eventListeners": {
    "buttonAction": {
      "chains": [
        {
          "chain": "ButtonActionChain"
        }
      ]
    },
    "createDepartmentButtonClicked": {
      "chains": [
        {
          "chain": "navigateToCreateDepartmentChain"
        }
      ]
    },
    "deleteDepartmentButtonClicked": {
      "chains": [
        {
          "chain": "deleteDepartmentChain",
          "parameters": {
            "departmentId": "[[ $variables.oj_table_1410790259_1SelectedId ]]"
          }
        }
      ]
    },
    "editDepartmentButtonClicked": {
      "chains": [
        {
          "chain": "navigateToEditDepartmentChain",
          "parameters": {
            "departmentId": "[[ $variables.oj_table_1410790259_1SelectedId ]]"
          }
        }
      ]
    },
    "oj_table_1410790259_1SelectionChanged": {
      "chains": [
        {
          "chain": "ojTable14107902591ChangeSelectionChain",
          "parameters": {
            "departmentId": "[[ $event.detail.value.key || '' ]]"
          }
        }
      ]
    },
    "toggleDrawer": {
      "chains": [
        {
          "chain": "application:toggleDrawerHandler"
        }
      ]
    }

  },
  "imports": {
    "components": {
      "oj-button": {
        "path": "ojs/ojbutton"
      },
      "oj-table": {
        "path": "ojs/ojtable"
      },
      "oj-toolbar": {
        "path": "ojs/ojtoolbar"
      }
    }
  }
}