{
  "title": "Create Department",
  "description": "Creates new Department",
  "variables": {
    "createDepartmentChainInProgress": {
      "type": "boolean",
      "defaultValue": false
    },
    "department": {
      "type": "createDepartmentRequest"
    },
    "locationListSDP": {
      "type": "vb/ServiceDataProvider",
      "defaultValue": {
        "endpoint": "businessObjects/getall_Location",
        "keyAttributes": "id",
        "itemsPath": "items",
        "responseType": "getallLocationResponse",
        "uriParameters": {}
      }
    }
  },
  "metadata": {},
  "types": {
    "@decorators.createDepartmentRequest": {
      "endpoint": "create_Department",
      "service": "businessObjects",
      "path": "request"
    },
    "@decorators.getallLocationResponse": {
      "endpoint": "getall_Location",
      "service": "businessObjects",
      "path": "response"
    },
    "businessObjectsServiceErrorResponseType": {
      "body": {
        "status": "string",
        "title": "string",
        "o:errorDetails": [
          {
            "detail": "string",
            "o:errorCode": "string"
          }
        ]
      },
      "status": "number"
    },
    "createDepartmentRequest": {
      "department": "string",
      "location": "number"
    },
    "getallLocationResponse": {
      "items": [
        {
          "id": "number",
          "location": "string"
        }
      ]
    }
  },
  "eventListeners": {
    "backButtonClicked": {
      "chains": [
        {
          "chain": "goBackChain"
        }
      ]
    },
    "saveButtonClicked": {
      "chains": [
        {
          "chain": "createDepartmentChain"
        }
      ]
    },
    "toggleDrawer": {
      "chains": [
        {
          "chain": "application:toggleDrawerHandler"
        }
      ]
    }

  },
  "imports": {
    "components": {
      "oj-button": {
        "path": "ojs/ojbutton"
      },
      "oj-form-layout": {
        "path": "ojs/ojformlayout"
      },
      "oj-input-text": {
        "path": "ojs/ojinputtext"
      },
      "oj-select-single": {
        "path": "ojs/ojselectsingle"
      },
      "oj-toolbar": {
        "path": "ojs/ojtoolbar"
      },
      "oj-validation-group": {
        "path": "ojs/ojvalidationgroup"
      }
    }
  }
}