id,creationDate,lastUpdateDate,createdBy,lastUpdatedBy,name,email,hireDate,country,salary,picture,department
8,2023-12-04T18:53:08.112,2023-12-04T18:53:08.112,gabrielfigueiredo19@edu.unifor.br,gabrielfigueiredo19@edu.unifor.br,Steven King,sking@example.com,2003-06-17,US,5000.0,https://www.oracle.com/webfolder/technetwork/jet/content/images/hcm/placeholder-male-15.png,50
9,2023-12-04T18:53:08.117,2023-12-04T18:53:08.117,gabrielfigueiredo19@edu.unifor.br,gabrielfigueiredo19@edu.unifor.br,Neena Kochhar,nkochhar@example.com,2005-09-21,IN,4000.0,https://www.oracle.com/webfolder/technetwork/jet/content/images/hcm/placeholder-female-03.png,50
10,2023-12-04T18:53:08.117,2023-12-04T18:53:08.117,gabrielfigueiredo19@edu.unifor.br,gabrielfigueiredo19@edu.unifor.br,Lex De Haan,ldehaan@example.com,2001-01-13,DE,2000.0,https://www.oracle.com/webfolder/technetwork/jet/content/images/hcm/placeholder-male-14.png,50
11,2023-12-04T18:53:08.117,2023-12-04T18:53:08.117,gabrielfigueiredo19@edu.unifor.br,gabrielfigueiredo19@edu.unifor.br,Alexander Hunold,ahunold@example.com,2006-01-03,CZ,2000.0,https://www.oracle.com/webfolder/technetwork/jet/content/images/hcm/placeholder-male-11.png,50
12,2023-12-04T18:53:08.117,2023-12-04T18:53:08.117,gabrielfigueiredo19@edu.unifor.br,gabrielfigueiredo19@edu.unifor.br,Bruce Ernst,bernst@example.com,2007-05-21,US,3000.0,https://www.oracle.com/webfolder/technetwork/jet/content/images/hcm/placeholder-male-08.png,50
13,2023-12-04T18:53:08.118,2023-12-04T18:53:08.118,gabrielfigueiredo19@edu.unifor.br,gabrielfigueiredo19@edu.unifor.br,David Austin,daustin@example.com,2005-06-25,CA,3500.0,https://www.oracle.com/webfolder/technetwork/jet/content/images/hcm/placeholder-male-13.png,50
14,2023-12-04T18:53:08.118,2023-12-04T18:53:08.118,gabrielfigueiredo19@edu.unifor.br,gabrielfigueiredo19@edu.unifor.br,Valli Pataballa,vpatabal@example.com,2006-02-05,IN,3500.0,https://www.oracle.com/webfolder/technetwork/jet/content/images/hcm/placeholder-female-12.png,60
15,2023-12-04T18:53:08.118,2023-12-04T18:53:08.118,gabrielfigueiredo19@edu.unifor.br,gabrielfigueiredo19@edu.unifor.br,Diana Lorentz,dlorentz@example.com,2007-02-07,CA,4300.0,https://www.oracle.com/webfolder/technetwork/jet/content/images/hcm/placeholder-female-16.png,40
16,2023-12-04T18:53:08.118,2023-12-04T18:53:08.118,gabrielfigueiredo19@edu.unifor.br,gabrielfigueiredo19@edu.unifor.br,Nancy Greenberg,ngreenbe@example.com,2002-08-17,US,2000.0,https://www.oracle.com/webfolder/technetwork/jet/content/images/hcm/placeholder-female-17.png,60
17,2023-12-04T18:53:08.119,2023-12-04T18:53:08.119,gabrielfigueiredo19@edu.unifor.br,gabrielfigueiredo19@edu.unifor.br,Daniel Faviet,dfaviet@example.com,2002-08-16,GB,5400.0,https://www.oracle.com/webfolder/technetwork/jet/content/images/hcm/placeholder-male-07.png,90
18,2023-12-04T18:53:08.119,2023-12-04T18:53:08.119,gabrielfigueiredo19@edu.unifor.br,gabrielfigueiredo19@edu.unifor.br,John Chen,jchen@example.com,2005-09-28,CN,3400.0,https://www.oracle.com/webfolder/technetwork/jet/content/images/hcm/placeholder-male-09.png,80
19,2023-12-04T18:53:08.119,2023-12-04T18:53:08.119,gabrielfigueiredo19@edu.unifor.br,gabrielfigueiredo19@edu.unifor.br,Ismael Sciarra,isciarra@example.com,2005-09-30,IT,4000.0,https://www.oracle.com/webfolder/technetwork/jet/content/images/hcm/placeholder-male-06.png,50
20,2023-12-04T18:53:08.119,2023-12-04T18:53:08.119,gabrielfigueiredo19@edu.unifor.br,gabrielfigueiredo19@edu.unifor.br,Jose Manuel Urman,jmurman@example.com,2006-03-07,MX,5000.0,https://www.oracle.com/webfolder/technetwork/jet/content/images/hcm/placeholder-male-05.png,100
21,2023-12-04T18:53:08.12,2023-12-04T18:53:08.12,gabrielfigueiredo19@edu.unifor.br,gabrielfigueiredo19@edu.unifor.br,Luis Popp,lpopp@example.com,2007-12-07,MX,3800.0,https://www.oracle.com/webfolder/technetwork/jet/content/images/hcm/placeholder-male-10.png,40
22,2023-12-04T18:53:08.12,2023-12-04T18:53:08.12,gabrielfigueiredo19@edu.unifor.br,gabrielfigueiredo19@edu.unifor.br,Den Raphaely,drapheal@example.com,2002-12-07,IT,4000.0,https://www.oracle.com/webfolder/technetwork/jet/content/images/hcm/placeholder-male-04.png,40
23,2023-12-04T18:53:08.12,2023-12-04T18:53:08.12,gabrielfigueiredo19@edu.unifor.br,gabrielfigueiredo19@edu.unifor.br,Alexander Khoo,akhoo@example.com,2003-05-18,GB,4000.0,https://www.oracle.com/webfolder/technetwork/jet/content/images/hcm/placeholder-male-03.png,30
24,2023-12-04T18:53:08.12,2023-12-04T18:53:08.12,gabrielfigueiredo19@edu.unifor.br,gabrielfigueiredo19@edu.unifor.br,Shelli Baida,sbaida@example.com,2005-12-24,IN,2000.0,https://www.oracle.com/webfolder/technetwork/jet/content/images/hcm/placeholder-female-02.png,30
25,2023-12-04T18:53:08.12,2023-12-04T18:53:08.12,gabrielfigueiredo19@edu.unifor.br,gabrielfigueiredo19@edu.unifor.br,Sigal Tobias,stobias@example.com,2005-07-24,IE,3000.0,https://www.oracle.com/webfolder/technetwork/jet/content/images/hcm/placeholder-male-02.png,20
26,2023-12-04T18:53:08.121,2023-12-04T18:53:08.121,gabrielfigueiredo19@edu.unifor.br,gabrielfigueiredo19@edu.unifor.br,Guy Himuro,ghimuro@example.com,2006-11-15,JP,3000.0,https://www.oracle.com/webfolder/technetwork/jet/content/images/hcm/placeholder-male-01.png,10
27,2023-12-04T18:53:08.121,2023-12-04T18:53:08.121,gabrielfigueiredo19@edu.unifor.br,gabrielfigueiredo19@edu.unifor.br,Karen Colmenares,kcolmena@example.com,2007-08-10,US,4000.0,https://www.oracle.com/webfolder/technetwork/jet/content/images/hcm/placeholder-female-14.png,20
