{
    "displayLabel": "Employee",
    "fields": [
        {
            "displayLabel": "Id",
            "key": true,
            "name": "id",
            "oid": "fbe170bc-2a02-4979-a018-ec7deca88b71",
            "required": true,
            "type": "number",
            "unique": true
        },
        {
            "displayLabel": "Created",
            "historyType": "timeCreated",
            "name": "creationDate",
            "oid": "7b2f48b4-1bc3-4dd3-9be8-2a88b03ebdf2",
            "type": "datetime"
        },
        {
            "displayLabel": "Last Updated",
            "historyType": "timeUpdated",
            "name": "lastUpdateDate",
            "oid": "2e30299a-0f86-4d2c-b41c-478c4ffc5834",
            "type": "datetime"
        },
        {
            "displayLabel": "Created By",
            "historyType": "createdBy",
            "name": "createdBy",
            "oid": "fdf3cdf4-968c-4049-af83-ce4052915ee9",
            "type": "string"
        },
        {
            "displayLabel": "Last Updated By",
            "historyType": "updatedBy",
            "name": "lastUpdatedBy",
            "oid": "5b3014e8-50df-4423-a18f-9b819404273b",
            "type": "string"
        },
        {
            "displayLabel": "Version Number",
            "historyType": "versionNumber",
            "name": "versionNumber",
            "oid": "43c9b297-1ab6-4278-8eb9-eb23fcf06eb0",
            "type": "number"
        },
        {
            "displayLabel": "﻿Name",
            "name": "name",
            "oid": "b1c8755b-885a-4897-8675-04f8f50f1c6d",
            "required": true,
            "type": "string"
        },
        {
            "displayLabel": "Email",
            "name": "email",
            "oid": "be643c6b-26fe-4d33-a7b0-fc301f6740ce",
            "type": "string"
        },
        {
            "displayLabel": "Hire Date",
            "name": "hireDate",
            "oid": "0d5be082-bf7a-4356-af33-6e940eb082cb",
            "type": "date"
        },
        {
            "displayLabel": "Country",
            "name": "country",
            "oid": "ecc0de2d-6556-4681-a7ef-5c6a8e55b14e",
            "type": "string"
        },
        {
            "displayLabel": "Salary",
            "name": "salary",
            "oid": "1312bee9-bf0e-49cd-8afb-edc34d742075",
            "type": "number"
        },
        {
            "displayLabel": "Picture",
            "name": "picture",
            "oid": "d19a5877-6864-4a70-8d60-410a945d621c",
            "type": "string"
        },
        {
            "displayLabel": "Department",
            "name": "department",
            "oid": "182cf23d-be0b-4af3-ba09-d1b077811f88",
            "type": "number"
        }
    ],
    "hidden": false,
    "name": "Employee",
    "oid": "2033ebc2-4c17-47ea-9553-3f54828d81dc",
    "relationships": [
        {
            "deleteRule": "restrict",
            "exposeAccessor": true,
            "mappingField": "department",
            "name": "departmentObject",
            "reverseRelationship": "employeeCollection",
            "targetEntity": "Department",
            "type": "outgoing"
        }
    ]
}